full name,salary,gender,email
Mathian Comiam,1132,Male,mcomiam0@mtv.com
Korney Munns,2290,Female,kmunns1@imgur.com
Isa Caswell,3717,Female,icaswell2@creativecommons.org
Orv Tamburi,1433,Male,otamburi3@dot.gov
Judy Tremmel,1321,Female,jtremmel4@linkedin.com
Reamonn Vuitton,3841,Male,rvuitton5@vimeo.com
Jonie Epton,3442,Female,jepton6@phoca.cz
Colver Clemenceau,1990,Male,cclemenceau7@jimdo.com
Raye Silverwood,3876,Female,rsilverwood8@admin.ch
Electra Galero,3734,Female,egalero9@ocn.ne.jp
Helaina Vamplus,2500,Female,hvamplus@example.com
Steven Gotcher,1500,Male,sgotcher@example.com
Isabelita Schuck,3800,Female,ischuck@example.com
Gertrud Calken,2600,Female,gcalken@example.com
Sibylla Origin,3500,Female,sorigin@example.com
Debee Corthes,2000,Female,dcorthes@example.com
Madonna Ganley,2550,Female,mganley@example.com
Marlo Giamo,2400,Male,mgiamo@example.com
Gunther Pennington,3100,Male,gpennington@example.com
Leonanie Corradeschi,3750,Female,lcorradeschi@example.com
